index,station_name,east_m,north_m
0,C1,124.047233715501,-159.553046558966
1,C10,-183.438998316827,56.076088044322
2,C100,126.134467156870,-201.993001273037
3,C101,-72.891483464608,317.027296554746
4,C102,-116.933045653041,248.104995414889
5,C103,277.938310199388,-117.006304026309
6,C104,191.951746323572,274.586188118464
7,C105,-48.832484191217,264.282999032445
8,C106,-264.365077864139,222.284769672844
9,C107,276.750321569289,109.261657920803
10,C108,-247.856964849123,-42.100554817677
11,C109,152.583393237239,293.645728631208
12,C11,-136.714765585088,49.206360118682
13,C110,61.717454670542,298.965594699447
14,C111,-206.102172602745,-162.324985839462
15,C112,12.009025952684,-281.883256482800
16,C113,-122.892274992097,-312.466777012051
17,C114,-250.247123228565,165.995320264579
18,C115,-315.754351901401,-133.738789085116
19,C117,178.524929838759,-187.477631979040
20,C119,256.073654207898,166.770846726284
21,C12,161.330424204530,141.064973103933
22,C120,243.244162290582,-79.553116980144
23,C121,-264.463138668610,124.664121136616
24,C123,202.488447282823,164.000966753759
25,C124,321.185916148461,-12.294401680481
26,C125,-229.164337149436,-231.247170169476
27,C126,281.515843731487,-183.379802261661
28,C128,-244.872023017979,-191.689270443199
29,C129,-309.790781830525,-87.421050556009
30,C13,-1.411451682173,-105.257961882413
31,C130,-45.848680908984,-312.466679320686
32,C132,193.236686582912,-253.186468657652
33,C133,269.793414211607,223.725001056008
34,C135,-318.639658538242,-44.761488043564
35,C137,-206.207259455517,216.745449555596
36,C138,29.804552984071,356.363536425636
37,C139,-150.634651790341,274.808469880989
38,C14,45.312277648136,-82.210250019460
39,C140,-246.563047362341,-148.695823387545
40,C141,269.485536948747,-229.696323888936
41,C142,-25.469231319824,-262.159868605235
42,C143,221.958353630430,-296.188182833172
43,C144,337.987455729536,36.238270066477
44,C145,250.698036519057,-149.915590436458
45,C146,197.618053174343,232.922974635759
46,C147,285.794561285662,11.196792896253
47,C148,-4.592993189111,260.848438065691
48,C149,233.308513625320,257.965044770036
49,C15,-54.498903746811,7.654232392578
50,C150,235.096142901044,124.110576653801
51,C151,-353.833664246799,26.818915384904
52,C153,475.969981625249,-71.914260134348
53,C154,-438.031710029832,-136.180114950445
54,C155,69.572115318246,452.210820024936
55,C156,99.291606762036,-419.728153049311
56,C158,-46.742882451108,-405.100666029402
57,C16,-212.963977631206,4.993892217710
58,C160,-391.802631411454,-213.632627057162
59,C161,-47.939273436567,475.591185363465
60,C162,-292.997336638486,254.418284266368
61,C163,366.598582653405,-250.256983471289
62,C164,238.764363757267,-378.177145467528
63,C165,473.190499362345,16.953880432961
64,C166,101.484437219872,419.300941709048
65,C167,168.481630665876,-332.413188646829
66,C168,-382.368543173573,125.990338538576
67,C17,81.003367314431,101.174988321436
68,C170,-396.189170634879,169.980709886086
69,C171,198.702944885659,-362.220664425446
70,C172,155.955399167850,-385.045650944181
71,C173,12.406765672440,-480.006096180161
72,C175,-197.760188583640,409.438342105429
73,C176,-354.237239666592,229.373587530435
74,C177,-115.435786982963,-414.298374139203
75,C179,2.863100759577,426.282862999763
76,C18,157.551775061989,73.140447959165
77,C180,369.902573650244,149.925205009745
78,C181,375.964557907974,73.468590952379
79,C183,264.528540781122,400.905354009921
80,C184,-241.785667605616,-405.768151914112
81,C185,-291.693440168668,-268.478920671115
82,C186,-374.811094645520,70.476408441639
83,C187,391.766515253106,-100.277870634490
84,C19,-42.568565727924,-69.467550044578
85,C190,460.466754797221,73.575945365994
86,C191,48.392833844151,-381.388483838941
87,C192,-337.619970073346,-311.584084033924
88,C193,-83.729330677798,451.324669570586
89,C194,-245.366133004761,-334.519505650147
90,C195,237.883741164815,367.552781648495
91,C197,10.418762220075,-361.443078272169
92,C198,432.328066795045,-65.596485751571
93,C199,-384.858695949749,271.590317259626
94,C2,-82.235448521677,119.236806025944
95,C20,37.122615312337,-18.568454398812
96,C200,285.693478800988,-70.799900468219
97,C201,-118.317576757833,-468.483385141712
98,C202,-83.922241712562,-366.097165410967
99,C203,-467.065166966284,3.767542339438
100,C204,95.911093775226,-463.939780659097
101,C205,-405.528501993490,17.288497926040
102,C206,105.355912848766,-375.737598908617
103,C207,171.773535262776,479.468584482838
104,C208,124.649575466846,495.757250948433
105,C21,167.193940818518,16.961314584434
106,C212,261.447484079862,444.230529353646
107,C213,-495.493887118678,-88.425111890306
108,C214,-414.969909890952,-90.638439443178
109,C216,-501.655365719508,-143.274299565925
110,C217,-533.070868020987,-111.695864651641
111,C219,363.922948605597,-392.031510251903
112,C22,194.830339501293,-56.392917555195
113,C222,286.183561712964,-392.804681865324
114,C223,358.556108207997,-344.273068993823
115,C224,275.944867655152,-350.254545067198
116,C23,88.839852060315,-123.993760171267
117,C24,-59.569351848158,158.019193084072
118,C25,125.342730589832,162.894509900856
119,C26,-94.364686104632,184.058404021720
120,C27,3.161580657753,173.531836178366
121,C28,29.306452780457,-183.930300547583
122,C29,-52.609447303806,-121.435286675364
123,C3,70.364643232771,-47.638166879957
124,C30,75.336762403988,148.600804760830
125,C31,112.515336818776,-84.980122915994
126,C32,68.875559803239,227.716327070953
127,C33,-67.023360826265,-170.744709106372
128,C34,202.784963909757,70.369326456099
129,C35,-87.006389685658,-74.786535954581
130,C36,-143.572001105589,-119.662794459344
131,C37,73.546150148490,10.646133139242
132,C38,-136.415640032323,-11.737574265266
133,C39,74.638834463804,-187.698068961465
134,C4,-133.730219438343,-55.838367560999
135,C40,-220.223086247731,76.795604544701
136,C41,-102.415855972517,14.967374265362
137,C42,213.521566368612,29.259935924681
138,C43,-210.776113550540,-66.255167330272
139,C44,67.581780598160,53.417414103566
140,C45,-69.508564044769,-212.851024930352
141,C46,-179.761372559684,108.376767492420
142,C47,165.004856541512,-130.855094287494
143,C48,-182.841095741442,-28.247899249503
144,C49,13.400885550674,220.292852594887
145,C5,1.471326181551,5.549496540971
146,C50,200.992564111831,-107.918517603046
147,C51,51.378174961969,188.602197290055
148,C52,-22.884908588069,-158.001846646975
149,C53,-120.012876389146,93.640356348307
150,C54,126.335481475376,27.155663432972
151,C55,226.941302898326,-17.278875910899
152,C56,-170.711590111329,-87.530024533311
153,C57,44.715460342011,-133.735308665965
154,C58,-103.210280087811,-139.829709315632
155,C59,-26.045844123355,-26.165728075741
156,C6,-31.634168108498,199.349953916407
157,C60,150.889897271806,-42.209055951825
158,C61,-145.559948081156,-169.304406178716
159,C62,-109.671580464687,-192.352321752280
160,C63,-86.807480518354,-30.130832247745
161,C64,-136.615894447724,167.215194149030
162,C65,-69.511763878658,223.838183392360
163,C66,-9.364061059497,-219.056369615823
164,C67,-169.918311131815,15.963996904083
165,C68,118.284389328811,208.102916809444
166,C69,127.429237664304,113.585482543262
167,C7,33.184449786341,132.754847527767
168,C70,-23.580696490404,135.636400368253
169,C71,161.427177966290,-87.751074070258
170,C72,194.235871270359,113.916755826842
171,C73,44.119335526713,-223.710658119982
172,C74,-198.944818705820,-119.109848201765
173,C75,112.814510798012,-23.483028275064
174,C76,221.073428454936,-184.042999072061
175,C77,227.036815221368,-226.261046092381
176,C78,-214.559049425754,268.492164217479
177,C79,100.519540426776,-240.987632452443
178,C8,9.026307184151,-51.295062282623
179,C80,-320.333288645490,110.590398396009
180,C81,90.643472085222,-331.968621352489
181,C82,-150.727673354655,-246.094317322003
182,C83,321.985677377858,158.902088730293
183,C84,-187.311721884029,-218.393023604152
184,C85,228.436265550403,199.680892534335
185,C86,-96.747021481134,-273.905938407540
186,C87,-262.071917817202,-94.179583214894
187,C88,57.208579907390,-282.668452110667
188,C89,-167.435897222756,236.137258213281
189,C9,111.920356180006,66.714173626127
190,C90,-331.168103882901,63.164201967229
191,C91,-188.106716393366,-271.580441319998
192,C92,-306.115598894036,20.725695695395
193,C93,-136.220224542547,322.788303309560
194,C95,-266.548964852240,62.722184723048
195,C96,-292.499630156149,182.947268443094
196,C97,107.747063390809,253.090647121372
197,C98,301.999961929483,58.178870681609
198,C99,99.261472153526,-290.543282251974
199,E1-1,-191.101237627533,575.537603062092
200,E1-2,-235.542333117637,600.801317014420
201,E10-1,6984.215192166800,-4114.207065836951
202,E10-2,6940.002014710250,-4093.129281219480
203,E10-3,7049.524628275743,-4087.650449184280
204,E10-4,6987.232998934416,-4049.940474802831
205,E13-1,17349.931476910671,1365.974650951613
206,E13-2,17256.872834481434,1369.205597940028
207,E13-3,17306.999348339836,1381.104187215808
208,E13-4,17259.021387475244,1414.190290190080
209,E15-1,28172.547438538248,-7573.548646857009
210,E15-2,28092.337007937269,-7543.784432400079
211,E15-3,28217.656604429849,-7521.867738879363
212,E15-4,28144.100900229387,-7498.689856269124
213,E16-1,42777.785378674031,-14222.261863302352
214,E16-2,42727.906667847019,-14202.036626047444
215,E16-3,42847.099992626900,-14192.246456660641
216,E16-4,42751.476511950030,-14162.446401587214
217,E2-1,-780.246492792804,463.710473510769
218,E2-2,-830.256132708713,502.379490024062
219,E2-3,-701.511541952531,518.010832790449
220,E3-1,-1298.447591702039,-132.360704882536
221,E3-2,-1253.911148511117,-126.151516137876
222,E3-3,-1347.363115542674,-93.362528822241
223,E4-1,-1408.872620917472,-1214.955277449558
224,E4-2,-1363.148113864017,-1204.645546577913
225,E4-3,-1358.183303659060,-1157.440614457984
226,E8-1,4661.243940926040,-1292.153681006738
227,E8-2,4720.994014821998,-1268.906920541157
228,E8-3,4611.156546577799,-1260.333402259384
229,E8-4,4707.095643224911,-1221.586693202380
230,E9-1,6127.786155697479,1584.741176676368
231,E9-2,6170.060840620146,1619.957900630699
232,E9-3,6124.433732005928,1640.367721212238
233,E9-4,6215.655317719558,1646.640613351698
234,N1-1,-497.600314076841,-535.162656169542
235,N1-2,-420.214914969851,-546.092130904822
236,N10-1,-149.137388402447,8154.897303738652
237,N10-2,-191.514705870199,8161.212130118243
238,N10-3,-230.012741780565,8179.715496366140
239,N10-4,-142.571926140059,8202.211227793332
240,N13-1,-9106.668596716334,14569.921552113767
241,N13-2,-9060.594911935770,14581.810454813858
242,N13-3,-9131.574542860133,14604.031312941623
243,N13-4,-9084.516200959395,14628.886289677474
244,N15-1,-7789.336498979574,26522.884263724802
245,N15-2,-7729.773666368657,26541.092939915408
246,N15-3,-7826.423065562487,26567.181274673345
247,N15-4,-7779.605332973984,26575.963648417091
248,N16-1,-10521.498047766205,36153.772791918687
249,N16-2,-10444.456701181298,36181.648763113204
250,N16-3,-10508.379663320706,36203.754014162187
251,N16-4,-10455.358668929712,36224.629842568233
252,N2-1,-27.655092420198,-966.781081851698
253,N2-2,-117.120573177793,-969.662360450852
254,N2-3,-76.562121533104,-948.498123344874
255,N3-1,758.140910222227,-1117.722841391858
256,N3-2,710.227997554456,-1121.155488426370
257,N3-3,663.806631311457,-1095.001581194193
258,N4-1,1689.852427962398,-646.253270700262
259,N4-2,1657.052683660272,-610.126158327692
260,N4-3,1713.518153255000,-598.277561882479
261,N8-1,-1286.405891179740,4625.665129069566
262,N8-2,-1202.970584809203,4659.690936785048
263,N8-3,-1308.786583303364,4666.328683238869
264,N8-4,-1259.460705130695,4684.062359836716
265,N9-1,-4482.364032417186,4448.306998791715
266,N9-2,-4451.944778249763,4482.224831166068
267,N9-3,-4542.246366838732,4488.951927601397
268,N9-4,-4494.714694056223,4501.711674556034
269,S1-1,667.720673984884,-173.067384745353
270,S1-2,629.647814981972,-139.490665933441
271,S10-1,-7027.725369110821,-4363.757646843398
272,S10-2,-7007.475152420550,-4322.192851819915
273,S10-3,-6962.755990211180,-4318.179152911473
274,S10-4,-7044.754329805866,-4299.498516352681
275,S10-5,-7001.244916315464,-4264.903072591417
276,S10-6,-7057.101250838765,-4256.733640578444
277,S13-1,-10901.207173424900,-13873.137843997429
278,S13-2,-10943.021678229814,-13864.309518348986
279,S13-3,-10901.644928483411,-13827.263991534328
280,S13-4,-10965.809423218036,-13809.699492561334
281,S15-1,-25603.455394711822,-13277.306418575285
282,S15-2,-25658.838586191596,-13242.957250975047
283,S15-3,-25604.439655141534,-13232.652632712914
284,S15-4,-25556.709087813717,-13214.604253294148
285,S16-1,-28259.595913986046,-26086.976869052047
286,S16-2,-28314.594336430629,-26070.145772619828
287,S16-3,-28215.117575874188,-26058.843594904887
288,S16-4,-28262.802532168767,-26029.141647519395
289,S2-1,918.030273620035,387.891914096948
290,S2-2,832.584438943416,324.038606795699
291,S2-3,786.091291817800,360.063006639277
292,S3-1,627.533696243978,1102.187482768019
293,S3-2,588.661857921538,1151.608773844634
294,S4-1,-293.529067582282,1715.956951836185
295,S4-2,-353.284434368095,1724.819677434503
296,S4-3,-259.426075244560,1747.093770846158
297,S8-1,-3459.546878799272,-3483.233047203178
298,S8-2,-3415.917638514713,-3480.561975978384
299,S8-3,-3373.788211623455,-3442.986540838284
300,S8-4,-3411.958151829628,-3419.838322907740
301,S8-5,-3455.394559986449,-3405.888472698719
302,S8-6,-3421.315225392502,-3367.539692109519
303,S9-1,-1598.974415054091,-6225.924167236461
304,S9-2,-1700.662717009446,-6209.782713238190
305,S9-3,-1647.109019618063,-6179.746833401205
306,S9-4,-1710.903496377868,-6164.685572798162
